user_id,work_id,rating
9,1074,4
9,2218,4
9,1029,5
9,249,5
10,1508,4
10,86,4
10,949,3
10,382,3
11,2688,4
11,1535,3
11,2566,3
11,756,5
12,951,4
12,1444,5
12,2230,4
12,1155,4
13,1919,4
13,850,3
13,68,4
13,1810,4
14,1226,4
14,2637,3
14,350,3
14,2271,5
15,2745,3
15,689,3
15,1932,4
15,2078,3
16,2301,5
16,509,4
16,2097,5
16,1214,3
17,1355,4
17,2208,3
17,882,5
17,1108,4
18,755,5
18,307,3
18,928,5
18,2184,4
19,72,3
19,2594,3
19,1307,3
19,303,4
20,1793,4
20,2350,5
20,529,4
20,2573,5
21,1140,3
21,1185,5
21,1871,3
21,2061,3
22,1532,3
22,710,5
22,9,4
22,208,3
23,440,5
23,1329,4
23,82,5
23,716,3
24,1660,5
24,2269,4
24,1170,5
24,1271,3
25,1920,3
25,261,4
25,529,5
25,284,5
26,1635,3
26,1020,3
26,1443,5
26,1220,3
27,2831,3
27,1142,5
27,2603,5
27,2447,5
28,2300,5
28,1324,4
28,2176,5
28,1333,4
29,1323,5
29,866,3
29,472,3
29,627,3
30,122,4
30,549,3
30,1770,3
30,879,5
31,2055,3
31,2832,4
31,2827,5
31,2234,5
32,1691,5
32,146,3
32,1992,3
32,1507,3
33,1105,4
33,934,4
33,2063,3
33,120,3
34,626,3
34,2778,3
34,2633,5
34,95,4
35,729,3
35,629,5
35,2092,4
35,4,5
36,2468,5
36,1401,3
36,863,3
36,572,5
37,1146,5
37,2768,5
37,667,3
37,1193,5
38,1543,5
38,2701,3
38,744,3
38,2822,4
39,706,3
39,458,4
39,1165,5
39,376,3
40,2426,4
40,538,4
40,1092,5
40,2063,5
41,780,5
41,451,4
41,1660,5
41,1839,5
42,513,3
42,828,4
42,1410,5
42,1105,3
43,1977,4
43,1810,4
43,147,5
43,65,5
44,886,5
44,2607,5
44,2668,5
44,419,5
45,1293,5
45,303,4
45,440,3
45,906,5
46,918,5
46,2877,3
46,2268,5
46,2867,4
47,1326,5
47,2015,5
47,26,3
47,356,3
48,2073,3
48,865,3
48,1038,3
48,1969,5
49,1529,5
49,1995,3
49,1156,3
49,321,5
50,168,3
50,782,5
50,640,5
50,1955,3
51,705,5
51,2271,5
51,665,3
51,1135,3
52,1580,4
52,60,4
52,1004,4
52,1496,3
53,2695,4
53,1079,5
53,2,3
53,285,4
54,1136,4
54,1954,4
54,2746,5
54,1177,3
55,1358,3
55,487,4
55,1867,4
55,2638,4
56,218,3
56,2672,5
56,2276,5
56,1326,3
57,1571,4
57,729,5
57,350,5
57,1478,5
58,2423,4
58,2858,5
58,1031,3
58,1346,5
59,222,3
59,218,5
59,547,5
59,2554,5
60,1551,4
60,100,3
60,2668,3
60,1323,4
61,2785,4
61,798,5
61,50,4
61,467,4
62,2412,4
62,1588,3
62,2316,5
62,1285,3
63,2718,5
63,1241,4
63,1410,5
63,2127,4
64,1622,4
64,46,5
64,1370,3
64,312,4
65,94,3
65,1241,3
65,248,5
65,2209,5
66,461,3
66,266,4
66,2183,3
66,2866,5
67,2183,3
67,1113,3
67,2594,5
67,2507,4
68,1064,4
68,437,5
68,2028,3
68,1630,3
69,1723,4
69,2843,3
69,405,3
69,2533,5
70,1435,5
70,1646,5
70,1109,4
70,713,5
71,2720,3
71,1751,3
71,804,3
71,606,5
72,2312,4
72,873,5
72,1918,5
72,844,3
73,2125,5
73,447,4
73,2147,5
73,296,3
74,738,4
74,70,5
74,47,5
74,2604,4
75,2862,4
75,2487,4
75,1583,3
75,1939,4
76,2183,4
76,2301,3
76,12,4
76,461,4
77,2128,5
77,2444,4
77,2581,3
77,2132,5
78,674,5
78,2418,3
78,1800,5
78,1270,3
79,2287,5
79,2826,3
79,622,3
79,1781,3
80,1841,3
80,1266,4
80,753,3
80,2678,5
81,939,3
81,706,4
81,1923,3
81,175,4
82,664,3
82,324,3
82,2312,4
82,212,3
83,1402,4
83,1031,3
83,778,4
83,1997,5
84,2817,5
84,1040,5
84,2158,3
84,2267,3
85,1108,3
85,2866,3
85,2837,3
85,331,3
86,2329,4
86,456,4
86,1907,4
86,1157,4
87,173,3
87,152,5
87,2817,5
87,1499,3
88,1279,3
88,2670,3
88,1869,3
88,1518,3
89,1255,4
89,584,3
89,2119,5
89,740,4
90,2661,4
90,2464,5
90,2057,3
90,1978,3
91,2643,3
91,144,5
91,930,3
91,250,4
92,830,4
92,422,4
92,1644,4
92,1308,4
93,2686,4
93,636,4
93,1035,5
93,656,3
94,1543,5
94,1328,5
94,1014,4
94,2525,3
95,2540,5
95,1240,4
95,1669,3
95,1593,3
96,1670,5
96,2687,3
96,2554,4
96,653,3
97,913,3
97,750,5
97,1008,4
97,1004,3
98,617,3
98,2360,4
98,1780,4
98,1266,5
99,1364,3
99,2510,4
99,2329,4
99,592,5
100,2860,3
100,277,5
100,608,5
100,2505,5
101,512,5
101,740,5
101,211,3
101,505,4
102,234,4
102,742,5
102,1186,3
102,2173,5
103,937,3
103,305,5
103,467,5
103,2078,4
104,1780,5
104,37,3
104,2724,4
104,458,5
105,7,5
105,827,5
105,672,4
105,2858,3
106,2118,3
106,1233,3
106,2317,4
106,326,3
107,1214,4
107,2289,5
107,124,3
107,2103,4
108,1846,5
108,2870,5
108,1203,4
108,502,5
109,1638,3
109,1969,3
109,2060,3
109,2652,5
110,420,5
110,831,3
110,111,4
110,462,4
111,1532,4
111,585,4
111,443,4
111,1145,4
112,1802,3
112,2018,3
112,1469,3
112,2737,5
113,264,3
113,2867,3
113,2056,5
113,350,3
114,740,5
114,485,3
114,992,3
114,1004,3
115,2058,5
115,1980,3
115,1806,4
115,2853,5
116,2801,4
116,818,4
116,1307,5
116,1041,4
117,1908,5
117,374,3
117,1552,5
117,2811,3
118,2325,5
118,1284,3
118,532,3
118,1785,3
119,2756,3
119,2278,4
119,352,3
119,34,4
120,1850,3
120,1752,4
120,1155,3
120,935,5
121,2459,5
121,2850,4
121,319,5
121,2229,4
122,575,4
122,1370,5
122,2814,3
122,2317,4
123,187,5
123,1740,3
123,2399,5
123,192,5
124,1586,4
124,387,4
124,2687,5
124,637,3
125,2003,5
125,107,3
125,1317,5
125,308,3
126,1279,4
126,1451,5
126,2070,3
126,2290,4
127,467,3
127,2869,4
127,1503,5
127,2006,4
128,221,3
128,1022,3
128,1400,3
128,1809,5
129,640,4
129,1656,3
129,649,4
129,1207,5
130,2452,5
130,2690,5
130,1535,3
130,582,4
131,866,3
131,949,3
131,111,4
131,310,4
132,2404,3
132,306,3
132,2823,5
132,383,4
133,1438,3
133,1754,4
133,1623,4
133,184,3
134,2343,5
134,1448,4
134,903,4
134,1868,5
135,1607,3
135,605,5
135,2647,5
135,1774,4
136,2778,4
136,2159,4
136,680,3
136,1342,4
137,1495,5
137,157,3
137,681,4
137,1431,5
138,2303,3
138,1032,5
138,1639,3
138,1673,4
139,364,4
139,1000,5
139,2421,4
139,1831,4
140,1022,3
140,1447,3
140,1110,4
140,2816,5
141,2169,5
141,1789,5
141,1344,5
141,2020,5
142,1187,3
142,2854,3
142,2328,4
142,2426,5
143,215,5
143,211,5
143,2676,5
143,2208,5
144,2774,5
144,2462,4
144,2045,5
144,1554,4
145,475,3
145,1219,4
145,2199,4
145,1726,4
146,127,4
146,599,4
146,99,4
146,895,5
147,1500,5
147,1937,4
147,2073,3
147,680,4
148,2758,5
148,904,5
148,574,4
148,1235,4
149,858,5
149,990,5
149,738,4
149,675,5
150,1109,3
150,1077,3
150,284,4
150,2654,3
151,1408,5
151,2668,3
151,1821,5
151,1029,4
152,2219,5
152,2367,4
152,2575,4
152,158,4
153,476,4
153,1486,3
153,2711,5
153,1264,5
154,637,3
154,327,4
154,1645,4
154,1822,3
155,660,4
155,1838,4
155,794,5
155,1846,4
156,948,3
156,1682,5
156,521,4
156,2766,4
157,2758,5
157,1755,5
157,2765,5
157,342,5
158,2551,5
158,2801,4
158,2666,3
158,962,5
159,1408,5
159,457,3
159,1010,5
159,2819,5
160,1790,3
160,1066,3
160,2274,4
160,52,3
161,2740,5
161,1368,4
161,643,3
161,2207,3
162,2041,3
162,1201,5
162,1335,4
162,1545,4
163,814,5
163,2270,3
163,638,3
163,1855,5
164,1050,5
164,1817,3
164,2718,3
164,1146,5
165,1225,3
165,240,4
165,1776,5
165,1259,5
166,1473,4
166,1589,3
166,654,3
166,1603,5
167,134,3
167,2281,4
167,2046,3
167,1804,5
168,1913,3
168,2104,4
168,2381,5
168,2590,4
169,2074,3
169,2303,4
169,2875,3
169,1504,4
170,1262,3
170,1390,4
170,1146,3
170,921,5
171,691,5
171,281,4
171,84,3
171,1346,5
172,2804,4
172,2212,5
172,1096,5
172,2593,4
173,1498,3
173,1524,4
173,2187,3
173,1757,3
174,1251,4
174,2762,5
174,1696,4
174,99,4
175,1719,3
175,1924,3
175,1321,4
175,1128,3
176,1562,4
176,1479,3
176,1355,4
176,1667,3
177,1240,5
177,1612,5
177,2489,3
177,1952,4
178,1150,5
178,1393,5
178,2372,5
178,601,5
179,348,5
179,2809,5
179,1967,4
179,926,3
180,1869,3
180,1544,3
180,263,4
180,2191,4
181,2404,4
181,2810,3
181,1277,3
181,2255,3
182,962,5
182,1040,4
182,1057,3
182,1455,4
183,2694,5
183,1833,4
183,2575,5
183,2816,3
184,688,4
184,2838,3
184,2621,5
184,1850,3
185,1859,5
185,376,3
185,2373,4
185,1782,3
186,848,4
186,2537,5
186,1648,3
186,2641,4
187,2740,3
187,2823,5
187,705,5
187,1833,4
188,2104,3
188,1914,5
188,660,3
188,2846,5
189,1069,3
189,338,3
189,622,3
189,2399,4
190,2712,4
190,561,4
190,2079,5
190,547,5
191,1531,5
191,327,5
191,2545,4
191,1716,3
192,108,3
192,620,4
192,2344,4
192,872,3
193,1924,4
193,2196,5
193,1303,3
193,2300,4
194,2656,3
194,2344,4
194,1047,3
194,762,5
195,1782,3
195,685,3
195,689,4
195,547,5
196,2053,5
196,2329,3
196,124,5
196,1907,5
197,2515,3
197,427,3
197,1757,5
197,1685,5
198,794,4
198,2393,3
198,2008,3
198,1220,5
199,486,3
199,1865,3
199,469,4
199,1926,5
200,2558,4
200,2178,4
200,1198,3
200,2344,5
201,2048,3
201,262,3
201,1872,3
201,1014,4
202,1694,3
202,1836,4
202,2069,4
202,1192,3
203,2876,3
203,1062,3
203,503,3
203,1063,3
204,1348,3
204,210,4
204,1353,3
204,1664,3
205,1072,3
205,317,4
205,2219,4
205,2581,3
206,1591,3
206,194,5
206,1408,4
206,2268,5
207,924,4
207,736,3
207,779,4
207,2375,3
208,2355,4
208,1855,4
208,2826,3
208,1404,4
209,2348,4
209,462,4
209,117,4
209,2266,3
210,1783,4
210,505,3
210,2615,5
210,982,3
211,1619,4
211,2614,4
211,2814,3
211,1,4
212,354,4
212,2418,3
212,1305,5
212,187,4
213,1293,5
213,1500,3
213,1317,4
213,2318,5
214,2119,4
214,2279,4
214,2006,4
214,1967,5
215,1199,3
215,500,3
215,1980,5
215,2560,5
216,2863,3
216,535,4
216,2669,5
216,1609,4
217,874,5
217,749,5
217,2765,3
217,889,3
